index	branch	parent_commit	commit	recipe	metric_name	metric_value	memory_gb	elapsed_min	launcher	job_id	command	log_path	status	description
1	rohit/sft_v2_up_n4	2d47cff1b874	2d47cff1b874	examples/configs/sft_v2_tests/nm4_clevr_4n.yaml	val_answer_ce@100			9.3	remx/nemotron_n4_post	3778348	baseline command + policy.megatron_cfg.moe_router_load_balancing_type=quantile_balancing policy.megatron_cfg.moe_aux_loss_coeff=0.0 policy.megatron_cfg.moe_router_dtype=fp32	/lustre/fsw/portfolios/coreai/projects/coreai_dlalgo_nemorl/users/rohitkumarj/code/RL/nemo-rl-sft_v2_up_n4/3778348-logs/ray-driver.log	failed	quantile routing requires moe_router_fusion=false with installed Transformer Engine; failure occurred after step-0 validation and before training
2	rohit/sft_v2_up_n4	2d47cff1b874	2d47cff1b874	examples/configs/sft_v2_tests/nm4_clevr_4n.yaml	val_answer_ce@100			2.4	remx/nemotron_n4_post	3778355	baseline command + policy.megatron_cfg.mtp_loss_scaling_factor=0.1	/lustre/fsw/portfolios/coreai/projects/coreai_dlalgo_nemorl/users/rohitkumarj/code/RL/nemo-rl-sft_v2_up_n4/3778355-logs/ray-driver.log	cancelled	replaced by six-validation-batch run after discovering distributed Energon limit did not globally cap at 500
3	rohit/sft_v2_up_n4	2d47cff1b874	2d47cff1b874	examples/configs/sft_v2_tests/nm4_clevr_4n.yaml	val_answer_ce@100			0.0	remx/nemotron_n4_post	3778359	baseline command + native router bundle + policy.megatron_cfg.mtp_loss_scaling_factor=0.1	/lustre/fsw/portfolios/coreai/projects/coreai_dlalgo_nemorl/users/rohitkumarj/code/RL/nemo-rl-sft_v2_up_n4/3778359-logs/ray-driver.log	cancelled	replaced before start by unfused-router validation-capped run
4	rohit/sft_v2_up_n4	2d47cff1b874	2d47cff1b874	examples/configs/sft_v2_tests/nm4_clevr_4n.yaml	val_answer_ce@100			2.1	remx/nemotron_n4_post	3779992	baseline command + policy.megatron_cfg.mtp_loss_scaling_factor=0.1 sft.val_batches=6	/lustre/fsw/portfolios/coreai/projects/coreai_dlalgo_nemorl/users/rohitkumarj/code/RL/nemo-rl-sft_v2_up_n4/3779992-logs/ray-driver.log	failed	diagnostic env override was parsed as integer instead of required string; failed config validation before model setup
5	rohit/sft_v2_up_n4	2d47cff1b874	2d47cff1b874	examples/configs/sft_v2_tests/nm4_clevr_4n.yaml	val_answer_ce@100			1.2	remx/nemotron_n4_post	3780002	baseline command + native router bundle + policy.megatron_cfg.moe_router_fusion=false sft.val_batches=6	/lustre/fsw/portfolios/coreai/projects/coreai_dlalgo_nemorl/users/rohitkumarj/code/RL/nemo-rl-sft_v2_up_n4/3780002-logs/ray-driver.log	cancelled	same malformed diagnostic env override; cancelled and replaced
6	rohit/sft_v2_up_n4	2d47cff1b874	2d47cff1b874	examples/configs/sft_v2_tests/nm4_clevr_4n.yaml	val_answer_ce@100			0.0	remx/nemotron_n4_post	3780003	baseline command + native router bundle + policy.megatron_cfg.moe_router_fusion=false policy.megatron_cfg.mtp_loss_scaling_factor=0.1 sft.val_batches=6	/lustre/fsw/portfolios/coreai/projects/coreai_dlalgo_nemorl/users/rohitkumarj/code/RL/nemo-rl-sft_v2_up_n4/3780003-logs/ray-driver.log	cancelled	same malformed diagnostic env override; cancelled and replaced before start
7	rohit/sft_v2_up_n4	2d47cff1b874	2d47cff1b874	examples/configs/sft_v2_tests/nm4_clevr_4n.yaml	val_answer_ce@100			9.0	remx/nemotron_n4_post	3780226	baseline command + policy.megatron_cfg.mtp_loss_scaling_factor=0.1 sft.val_batches=6	/lustre/fsw/portfolios/coreai/projects/coreai_dlalgo_nemorl/users/rohitkumarj/code/RL/nemo-rl-sft_v2_up_n4/3780226-logs/ray-driver.log	cancelled	six-batch cap worked (550 sources), but answer-mask diagnostics were disabled; cancelled after step-0 validation and replaced
8	rohit/sft_v2_up_n4	2d47cff1b874	2d47cff1b874	examples/configs/sft_v2_tests/nm4_clevr_4n.yaml	val_answer_ce@100			2.2	remx/nemotron_n4_post	3780231	baseline command + native router bundle + policy.megatron_cfg.moe_router_fusion=false sft.val_batches=6	/lustre/fsw/portfolios/coreai/projects/coreai_dlalgo_nemorl/users/rohitkumarj/code/RL/nemo-rl-sft_v2_up_n4/3780231-logs/ray-driver.log	failed	Hydra required the new moe_router_fusion key to use the + append form; failed before model setup
9	rohit/sft_v2_up_n4	2d47cff1b874	2d47cff1b874	examples/configs/sft_v2_tests/nm4_clevr_4n.yaml	val_answer_ce@100			2.2	remx/nemotron_n4_post	3780238	baseline command + native router bundle + policy.megatron_cfg.moe_router_fusion=false policy.megatron_cfg.mtp_loss_scaling_factor=0.1 sft.val_batches=6	/lustre/fsw/portfolios/coreai/projects/coreai_dlalgo_nemorl/users/rohitkumarj/code/RL/nemo-rl-sft_v2_up_n4/3780238-logs/ray-driver.log	failed	Hydra required the new moe_router_fusion key to use the + append form; failed before model setup
10	rohit/sft_v2_up_n4	2d47cff1b874	2d47cff1b874	examples/configs/sft_v2_tests/nm4_clevr_4n.yaml	val_answer_ce@100	1.236772		12.8	remx/nemotron_n4_post	3780694	baseline command + quoted answer diagnostics + policy.megatron_cfg.mtp_loss_scaling_factor=0.1 sft.val_batches=6	/lustre/fsw/portfolios/coreai/projects/coreai_dlalgo_nemorl/users/rohitkumarj/code/RL/nemo-rl-sft_v2_up_n4/3780694-logs/ray-driver.log	completed	MTP 0.1 is effectively neutral: val answer CE 1.236772 and EM 0.441606 versus baseline 1.245606 and 0.459600; final train loss 0.584752 and grad norm 5.889461
11	rohit/sft_v2_up_n4	2d47cff1b874	2d47cff1b874	examples/configs/sft_v2_tests/nm4_clevr_4n.yaml	val_answer_ce@100				remx/nemotron_n4_post	3780695	baseline command + quoted answer diagnostics + native router bundle + +policy.megatron_cfg.moe_router_fusion=false sft.val_batches=6	/lustre/fsw/portfolios/coreai/projects/coreai_dlalgo_nemorl/users/rohitkumarj/code/RL/nemo-rl-sft_v2_up_n4/3780695-logs/ray-driver.log	failed	resolved config said unfused, but setup dropped moe_router_fusion; step-0 answer CE 10.259674 then first train forward failed in fused quantile router
12	rohit/sft_v2_up_n4	2d47cff1b874	2d47cff1b874	examples/configs/sft_v2_tests/nm4_clevr_4n.yaml	val_answer_ce@100				remx/nemotron_n4_post	3780696	baseline command + quoted answer diagnostics + native router bundle + +policy.megatron_cfg.moe_router_fusion=false policy.megatron_cfg.mtp_loss_scaling_factor=0.1 sft.val_batches=6	/lustre/fsw/portfolios/coreai/projects/coreai_dlalgo_nemorl/users/rohitkumarj/code/RL/nemo-rl-sft_v2_up_n4/3780696-logs/ray-driver.log	failed	resolved config said unfused, but setup dropped moe_router_fusion; step-0 answer CE 10.259674 then first train forward failed in fused quantile router
13	rohit/sft_v2_up_n4	2d47cff1b874	working-tree	examples/configs/sft_v2_tests/nm4_clevr_4n.yaml	val_answer_ce@100	1.250975		12.9	remx/nemotron_n4_post	3781007	baseline command + native router bundle + propagated +policy.megatron_cfg.moe_router_fusion=false sft.val_batches=6	/lustre/fsw/portfolios/coreai/projects/coreai_dlalgo_nemorl/users/rohitkumarj/code/RL/nemo-rl-sft_v2_up_n4/3781007-logs/ray-driver.log	completed	native router is neutral: EM 0.456204; final train loss 0.580437, answer CE 1.160782, grad norm 6.343593
14	rohit/sft_v2_up_n4	2d47cff1b874	working-tree	examples/configs/sft_v2_tests/nm4_clevr_4n.yaml	val_answer_ce@100	1.290178		12.8	remx/nemotron_n4_post	3781009	baseline command + native router bundle + propagated unfused routing + mtp_loss_scaling_factor=0.1 sft.val_batches=6	/lustre/fsw/portfolios/coreai/projects/coreai_dlalgo_nemorl/users/rohitkumarj/code/RL/nemo-rl-sft_v2_up_n4/3781009-logs/ray-driver.log	completed	native router plus MTP is slightly worse: EM 0.427007; final train loss 0.595470, answer CE 1.190880, grad norm 5.514694
15	rohit/sft_v2_up_n4	2d47cff1b874	working-tree	examples/configs/sft_v2_tests/nm4_clevr_4n.yaml	val_answer_ce@100	1.197114		12.7	remx/nemotron_n4_post	3780834	baseline command + quoted answer diagnostics + sft.val_batches=6	/lustre/fsw/portfolios/coreai/projects/coreai_dlalgo_nemorl/users/rohitkumarj/code/RL/nemo-rl-sft_v2_up_n4/3780834-logs/ray-driver.log	completed	exact control: EM 0.454380; final train loss 0.534454, answer CE 1.068757, grad norm 6.501661
16	rohit/sft_v2_up_n4	2d47cff1b874	working-tree	examples/configs/sft_v2_tests/nm4_clevr_4n.yaml	val_answer_ce@100	1.283191		13.0	remx/nemotron_n4_post	3781084	baseline command + policy.optimizer.kwargs.lr=1e-5 + quoted answer diagnostics + sft.val_batches=6	/lustre/fsw/portfolios/coreai/projects/coreai_dlalgo_nemorl/users/rohitkumarj/code/RL/nemo-rl-sft_v2_up_n4/3781084-logs/ray-driver.log	completed	2x LR is slightly worse: EM 0.425182; final train loss 0.633642, answer CE 1.267220, grad norm 8.555198
17	rohit/sft_v2_up_n4	2d47cff1b874	working-tree	examples/configs/sft_v2_tests/nm4_clevr_4n.yaml	val_answer_ce@100	0.924470		22.4	remx/nemotron_n4_post	3781358	baseline command + policy.train_global_batch_size=16 policy.sequence_packing.enabled=false data.energon.task_encoder.packing=null sft.val_batches=25	/lustre/fsw/portfolios/coreai/projects/coreai_dlalgo_nemorl/users/rohitkumarj/code/RL/nemo-rl-sft_v2_up_n4/3781358-logs/ray-driver.log	completed	unpacked improves val EM from 0.454380 to 0.580000 and answer CE from 1.197114 to 0.924470; final train answer CE 0.561022 and grad norm 4.184837
18	rohit/sft_v2_up_n4	2d47cff1b874	working-tree	examples/configs/sft_v2_tests/nm4_clevr_4n.yaml	val_answer_ce@100	1.375886		12.9	remx/nemotron_n4_post	3781516	baseline command + policy.megatron_cfg.optimizer.adam_beta2=0.98 policy.megatron_cfg.optimizer.adam_eps=1e-5 sft.val_batches=6	/lustre/fsw/portfolios/coreai/projects/coreai_dlalgo_nemorl/users/rohitkumarj/code/RL/nemo-rl-sft_v2_up_n4/3781516-logs/ray-driver.log	completed	Qwen/Omni Adam moments are worse: val EM 0.399635 versus packed control 0.454380; final train loss 0.678837, answer CE 1.357170, grad norm 7.909110
19	rohit/sft_v2_up_n4	2d47cff1b874	working-tree	examples/configs/sft_v2_tests/nm4_clevr_4n.yaml	val_answer_ce@500	1.063758		29.4	remx/nemotron_n4_post	3781614	baseline command + sft.max_num_steps=500 sft.val_period=100 sft.val_batches=6	/lustre/fsw/portfolios/coreai/projects/coreai_dlalgo_nemorl/users/rohitkumarj/code/RL/nemo-rl-sft_v2_up_n4/3781614-logs/ray-driver.log	completed	packed training plateaus: val CE 1.211253@100 and 1.063758@500, EM 0.463504@100 and 0.509982@500; final train CE 0.896052, grad norm 3.767298
20	rohit/sft_v2_up_n4	2d47cff1b874	working-tree	examples/configs/sft_v2_tests/nm4_clevr_4n.yaml	val_answer_ce@100	1.245824		13.0	remx/nemotron_n4_post	3782018	baseline command + policy.megatron_cfg.freeze_vision_projector=true	/lustre/fsw/portfolios/coreai/projects/coreai_dlalgo_nemorl/users/rohitkumarj/code/RL/nemo-rl-sft_v2_up_n4/3782018-logs/ray-driver.log	completed	freezing the projector is neutral/slightly worse: val EM 0.441606 versus control 0.454380; final train loss 0.586761, answer CE 1.173301, grad norm 7.196460
21	rohit/sft_v2_up_n4	2d47cff1b874	working-tree	examples/configs/sft_v2_tests/nm4_clevr_4n.yaml	val_answer_ce@100			4.3	remx/nemotron_n4_post	3782122	baseline command + policy.sequence_packing.mask_padding_from_moe=true	/lustre/fsw/portfolios/coreai/projects/coreai_dlalgo_nemorl/users/rohitkumarj/code/RL/nemo-rl-sft_v2_up_n4/3782122-logs/ray-driver.log	failed	pre-existing blanket guard rejected padding masks whenever the model owned CP slicing, even though CP=1 performs no slice; no forward pass ran
22	rohit/sft_v2_up_n4	2d47cff1b874	working-tree	examples/configs/sft_v2_tests/nm4_clevr_4n.yaml	val_answer_ce@100	1.410979		21.9	remx/nemotron_n4_post	3782170	unpacked GBS16 command + NRL_SFT_ZERO_IMAGES=1	/lustre/fsw/portfolios/coreai/projects/coreai_dlalgo_nemorl/users/rohitkumarj/code/RL/nemo-rl-sft_v2_up_n4/3782170-logs/ray-driver.log	completed	black images reduce val EM from 0.580000 to 0.424000 and worsen CE from 0.924470 to 1.410979, so the real-image run uses visual signal; final train CE 1.117116, grad norm 3.530675
23	rohit/sft_v2_up_n4	2d47cff1b874	working-tree	examples/configs/sft_v2_tests/nm4_clevr_4n.yaml	val_answer_ce@500	0.762353		43.2	remx/nemotron_n4_post	3782209	unpacked GBS16 command + sft.max_num_steps=500 sft.val_period=100	/lustre/fsw/portfolios/coreai/projects/coreai_dlalgo_nemorl/users/rohitkumarj/code/RL/nemo-rl-sft_v2_up_n4/3782209-logs/ray-driver.log	completed	unpacked continues improving to val EM 0.652 at step 500 versus packed 0.510, but still plateaus far below Qwen/Omni; final train CE 0.901784 and grad norm 6.004
24	rohit/sft_v2_up_n4	2d47cff1b874	working-tree	examples/configs/sft_v2_tests/nm4_clevr_4n.yaml	val_answer_ce@100			2.3	remx/nemotron_n4_post	3782477	unpacked GBS16 command + tokenizer-native ChatML role boundaries	/lustre/fsw/portfolios/coreai/projects/coreai_dlalgo_nemorl/users/rohitkumarj/code/RL/nemo-rl-sft_v2_up_n4/3782477-logs/ray-driver.log	failed	Jinja template value was shell-quoted but not Hydra-quoted; failed override parsing before model setup and was resubmitted with literal Hydra quotes
25	rohit/sft_v2_up_n4	2d47cff1b874	working-tree	examples/configs/sft_v2_tests/nm4_clevr_4n.yaml	val_answer_ce@100			2.2	remx/nemotron_n4_post	3782493	unpacked source loader and GBS16 + Megatron runtime packing + fuse_loss=false	/lustre/fsw/portfolios/coreai/projects/coreai_dlalgo_nemorl/users/rohitkumarj/code/RL/nemo-rl-sft_v2_up_n4/3782493-logs/ray-driver.log	failed	SFTv2 intentionally rejects sequence packing when Energon packing is disabled; replaced by a supported single-source Energon-prepacked control
26	rohit/sft_v2_up_n4	2d47cff1b874	working-tree	examples/configs/sft_v2_tests/nm4_clevr_4n.yaml	val_answer_ce@100	0.974068		22.5	remx/nemotron_n4_post	3782699	unpacked GBS16 command + Hydra-quoted tokenizer-native ChatML role boundaries	/lustre/fsw/portfolios/coreai/projects/coreai_dlalgo_nemorl/users/rohitkumarj/code/RL/nemo-rl-sft_v2_up_n4/3782699-logs/ray-driver.log	completed	ChatML is neutral: EM 0.576 versus plain unpacked 0.580 and answer CE 0.974068 versus 0.924470; final aggregate loss 1.715908 and grad norm 21.461853 are much higher because role/template tokens are also supervised
27	rohit/sft_v2_up_n4	2d47cff1b874	working-tree	examples/configs/sft_v2_tests/nm4_clevr_4n.yaml	val_answer_ce@100			4.3	remx/nemotron_n4_post	3782742	baseline command + policy.sequence_packing.mask_padding_from_moe=true after narrowing internal-CP guard to CP>1	/lustre/fsw/portfolios/coreai/projects/coreai_dlalgo_nemorl/users/rohitkumarj/code/RL/nemo-rl-sft_v2_up_n4/3782742-logs/ray-driver.log	failed	media validity remained in the 512-wide pre-materialization layout while model input was the final 2048-wide THD row; no training step ran
28	rohit/sft_v2_up_n4	2d47cff1b874	working-tree	examples/configs/sft_v2_tests/nm4_clevr_4n.yaml	val_answer_ce@100	1.276677		23.1	remx/nemotron_n4_post	3782781	Energon packing with max_samples_per_sequence=1, policy.train_global_batch_size=16, sft.val_batches=25	/lustre/fsw/portfolios/coreai/projects/coreai_dlalgo_nemorl/users/rohitkumarj/code/RL/nemo-rl-sft_v2_up_n4/3782781-logs/ray-driver.log	completed	max_samples_per_sequence controls dataset sharding, not pack occupancy: step 100 still had 74 sources in 16 packs; val EM 0.452318, final train CE 1.266097 and grad norm 8.713368; more sources per step do not fix the gap
29	rohit/sft_v2_up_n4	2d47cff1b874	working-tree	examples/configs/sft_v2_tests/nm4_clevr_4n.yaml	val_answer_ce@100			4.9	remx/nemotron_n4_post	3782995	baseline command + policy.sequence_packing.mask_padding_from_moe=true after deriving media validity from final-layout padding mask	/lustre/fsw/portfolios/coreai/projects/coreai_dlalgo_nemorl/users/rohitkumarj/code/RL/nemo-rl-sft_v2_up_n4/3782995-logs/ray-driver.log	failed	runtime Energon packing, rather than the prepacked fast path, still repacked the pre-materialization media mask to width 512 while model inputs had width 2048; no training step ran
30	rohit/sft_v2_up_n4	2d47cff1b874	working-tree	examples/configs/sft_v2_tests/nm4_clevr_4n.yaml	val_answer_ce@100			2.0	remx/nemotron_n4_post	3783074	unpacked GBS16 command + tokenizer-ID adaptation of Megatron nemotron-h-aligned role template	/lustre/fsw/portfolios/coreai/projects/coreai_dlalgo_nemorl/users/rohitkumarj/code/RL/nemo-rl-sft_v2_up_n4/3783074-logs/ray-driver.log	failed	the stored Jinja override broke its outer shell quote on token strings containing pipes; failed before Python and was resubmitted with shell-escaped CLI syntax
31	rohit/sft_v2_up_n4	2d47cff1b874	working-tree	examples/configs/sft_v2_tests/nm4_clevr_4n.yaml	val_answer_ce@100			5.2	remx/nemotron_n4_post	3783238	baseline command + policy.sequence_packing.mask_padding_from_moe=true after aligning runtime-packed media validity with the final THD padding mask	/lustre/fsw/portfolios/coreai/projects/coreai_dlalgo_nemorl/users/rohitkumarj/code/RL/nemo-rl-sft_v2_up_n4/3783238-logs/ray-driver.log	failed	the runtime packing branch did not yet request padding-mask construction from the opt-in flag, leaving the stale 512-wide media mask; no training step ran
32	rohit/sft_v2_up_n4	2d47cff1b874	working-tree	examples/configs/sft_v2_tests/nm4_clevr_4n.yaml	val_answer_ce@100	0.979755		22.8	remx/nemotron_n4_post	3783261	unpacked GBS16 command + shell-safe tokenizer-ID adaptation of Megatron nemotron-h-aligned role template	/lustre/fsw/portfolios/coreai/projects/coreai_dlalgo_nemorl/users/rohitkumarj/code/RL/nemo-rl-sft_v2_up_n4/3783261-logs/ray-driver.log	completed	exact checkpoint prompt improves step-0 CE to 4.094 and EM to 0.082 but is neutral after training: val EM 0.588 versus plain 0.580
33	rohit/sft_v2_up_n4	2d47cff1b874	working-tree	examples/configs/sft_v2_tests/nm4_clevr_4n.yaml	val_answer_ce@100			2.2	remx/nemotron_n4_post	3783355	Energon physical pack capacity 384 + policy.train_global_batch_size=16 + val_batches=25	/lustre/fsw/portfolios/coreai/projects/coreai_dlalgo_nemorl/users/rohitkumarj/code/RL/nemo-rl-sft_v2_up_n4/3783355-logs/ray-driver.log	failed	SFTv2 requires Energon pack capacity to equal max_input_seq_length; replaced with the packer's existing max_sequences_per_bin cap at the unchanged 2048-token shape
34	rohit/sft_v2_up_n4	2d47cff1b874	working-tree	examples/configs/sft_v2_tests/nm4_clevr_4n.yaml	val_answer_ce@100			5.1	remx/nemotron_n4_post	3783948	baseline command + policy.sequence_packing.mask_padding_from_moe=true after final-layout mask construction	/lustre/fsw/portfolios/coreai/projects/coreai_dlalgo_nemorl/users/rohitkumarj/code/RL/nemo-rl-sft_v2_up_n4/3783948-logs/ray-driver.log	failed	mask was TP-scattered before the NT4 wrapper's full-row media merge; wrapper now owns both the media validity use and its later SP scatter, resubmitted as job 3784091
35	rohit/sft_v2_up_n4	2d47cff1b874	working-tree	examples/configs/sft_v2_tests/nm4_clevr_4n.yaml	val_answer_ce@100	0.930239		22.7	remx/nemotron_n4_post	3783473	baseline prepacked path + policy.train_global_batch_size=16 + data.energon.task_encoder.packing.options.max_sequences_per_bin=1 + val_batches=25	/lustre/fsw/portfolios/coreai/projects/coreai_dlalgo_nemorl/users/rohitkumarj/code/RL/nemo-rl-sft_v2_up_n4/3783473-logs/ray-driver.log	completed	one source per physical pack matches unpacked: val EM 0.604 and CE 0.930239; multi-source occupancy, not fused/prepacked execution itself, causes the regression
36	rohit/sft_v2_up_n4	2d47cff1b874	working-tree	examples/configs/sft_v2_tests/nm4_clevr_4n.yaml	val_answer_ce@100	1.263203		13.2	remx/nemotron_n4_post	3783552	baseline packed command + tokenizer-ID adaptation of Megatron nemotron-h-aligned role template	/lustre/fsw/portfolios/coreai/projects/coreai_dlalgo_nemorl/users/rohitkumarj/code/RL/nemo-rl-sft_v2_up_n4/3783552-logs/ray-driver.log	completed	exact checkpoint prompt is neutral on packed training too: val EM 0.463504 and CE 1.263203
37	rohit/sft_v2_up_n4	2d47cff1b874	working-tree	examples/configs/sft_v2_tests/nm4_clevr_4n.yaml	val_answer_ce@100	0.875884		22.1	remx/nemotron_n4_post	3783835	unpacked GBS16 command + policy.megatron_cfg.mtp_loss_scaling_factor=0.0	/lustre/fsw/portfolios/coreai/projects/coreai_dlalgo_nemorl/users/rohitkumarj/code/RL/nemo-rl-sft_v2_up_n4/3783835-logs/ray-driver.log	completed	zero MTP scaling is neutral/slightly better than the unpacked control: EM 0.604 versus 0.580; final train loss 0.313641, answer CE 0.627215, grad norm 6.478849
38	rohit/sft_v2_up_n4	2d47cff1b874	working-tree	examples/configs/sft_v2_tests/nm4_clevr_4n.yaml	val_answer_ce@100	1.356617		12.7	remx/nemotron_n4_post	3784032	packed control + NRL_SFT_ZERO_IMAGES=1	/lustre/fsw/portfolios/coreai/projects/coreai_dlalgo_nemorl/users/rohitkumarj/code/RL/nemo-rl-sft_v2_up_n4/3784032-logs/ray-driver.log	completed	packed black-image result matches unpacked black images: EM 0.416058 versus 0.424 and CE 1.356617 versus 1.410979; identical images hide the multi-source regression, supporting cross-image content interaction; final train CE 1.356138 and grad norm 5.468131
39	rohit/sft_v2_up_n4	2d47cff1b874	working-tree	examples/configs/sft_v2_tests/nm4_clevr_4n.yaml	val_answer_ce@100	1.378526		12.8	remx/nemotron_n4_post	3784091	packed control + policy.sequence_packing.mask_padding_from_moe=true with full-row wrapper handoff and local SP scatter	/lustre/fsw/portfolios/coreai/projects/coreai_dlalgo_nemorl/users/rohitkumarj/code/RL/nemo-rl-sft_v2_up_n4/3784091-logs/ray-driver.log	completed	masking physical pack padding out of MoE routing is worse: EM 0.430657; final train CE 1.374597 and grad norm 6.189556, ruling out padding tokens in router statistics as the primary cause
40	rohit/sft_v2_up_n4	2d47cff1b874	working-tree	examples/configs/sft_v2_tests/nm4_clevr_4n.yaml	val_answer_ce@100			0.1	remx/nemotron_n4_post	3784124	packed GBS16 + max_sequences_per_bin=2	/lustre/fsw/portfolios/coreai/projects/coreai_dlalgo_nemorl/users/rohitkumarj/code/RL/nemo-rl-sft_v2_up_n4/3784124-logs/ray-driver.log	failed	diagnostic env override parsed as an integer; failed config validation and was resubmitted
41	rohit/sft_v2_up_n4	2d47cff1b874	working-tree	examples/configs/sft_v2_tests/nm4_clevr_4n.yaml	val_answer_ce@100			0.1	remx/nemotron_n4_post	3784126	packed GBS16 + max_sequences_per_bin=4	/lustre/fsw/portfolios/coreai/projects/coreai_dlalgo_nemorl/users/rohitkumarj/code/RL/nemo-rl-sft_v2_up_n4/3784126-logs/ray-driver.log	failed	diagnostic env override parsed as an integer; failed config validation and was resubmitted
42	rohit/sft_v2_up_n4	2d47cff1b874	working-tree	examples/configs/sft_v2_tests/nm4_clevr_4n.yaml	val_answer_ce@100	0.933106		23.8	remx/nemotron_n4_post	3784216	packed GBS16 + max_sequences_per_bin=2 with quoted diagnostics	/lustre/fsw/portfolios/coreai/projects/coreai_dlalgo_nemorl/users/rohitkumarj/code/RL/nemo-rl-sft_v2_up_n4/3784216-logs/ray-driver.log	completed	val EM 0.578; final train CE 0.744163 and grad norm 7.806871; this old-vision-path arm sees up to 32 sources per optimizer step, so its improvement is confounded by twice the source exposure of the unpacked control
43	rohit/sft_v2_up_n4	2d47cff1b874	working-tree	examples/configs/sft_v2_tests/nm4_clevr_4n.yaml	val_answer_ce@100	0.736500		23.9	remx/nemotron_n4_post	3784217	packed GBS16 + max_sequences_per_bin=4 with quoted diagnostics	/lustre/fsw/portfolios/coreai/projects/coreai_dlalgo_nemorl/users/rohitkumarj/code/RL/nemo-rl-sft_v2_up_n4/3784217-logs/ray-driver.log	completed	val EM 0.6805; final train CE 0.631516 and grad norm 2.778983; this old-vision-path arm sees up to 64 sources per optimizer step, so it is a source-exposure screen rather than an occupancy-controlled comparison
44	rohit/sft_v2_up_n4	2d47cff1b874	working-tree	examples/configs/sft_v2_tests/nm4_clevr_4n.yaml	val_answer_ce@100	0.903046		12.9	remx/nemotron_n4_post	3784299	exact packed control after deriving one ViT PackedSeqParams segment per image from imgs_sizes	/lustre/fsw/portfolios/coreai/projects/coreai_dlalgo_nemorl/users/rohitkumarj/code/RL/nemo-rl-sft_v2_up_n4/3784299-logs/ray-driver.log	completed	per-image ViT boundaries recover the packed regression: val EM 0.580292, matching unpacked EM 0.580000 and CE 0.924470; final train CE 0.736471, grad norm 8.373201, loss 0.368319
45	rohit/sft_v2_up_n4	2d47cff1b874	working-tree	examples/configs/sft_v2_tests/nm4_clevr_4n.yaml	val_answer_ce@500	0.667250		29.7	remx/nemotron_n4_post	3784435	500-step packed convergence arm with one ViT PackedSeqParams segment per image	/lustre/fsw/portfolios/coreai/projects/coreai_dlalgo_nemorl/users/rohitkumarj/code/RL/nemo-rl-sft_v2_up_n4/3784435-logs/ray-driver.log	completed	fixed packed path reaches val EM 0.702359 and CE 0.667250, versus old packed 0.509982/1.063758 and unpacked 0.652/0.762353; final train loss 0.232847, answer CE 0.465688, grad norm 4.540074
